Aaron,Q9077
Abbeys,Q160742
Abel,Q313421
Abraham,Q9181
Abraham Lincoln,Q91
Abstraction,Q162150
Acanthus,Q415908
Accordions,Q79838
Achilles,Q41746
Acorns,Q3914781
Acrobats,Q11957145
Actaeon,Q208531
Actors,Q33999
Actresses,Q21169216
Adam,Q70899
Admirals,Q132851
Adonis,Q163920
Adoration of the Magi,Q488841
Adoration of the Shepherds,Q1029715
Advertisements,Q39911916
Aeneas,Q4687772
Agony in the Garden,Q2467856
Agriculture,Q1402889
Ahasuerus,Q1370497
Air Force,Q61883
Air Transports,Q1757562
Ajax,Q172725
Alchemy,Q39689
Alexander The Great,Q8409
Allegory,Q18535
Alligators,Q530397
Altars,Q101687
Amazons,Q134154
Ambulances,Q180481
American Civil War,Q8676
American Revolution,Q192769
Amphitheatres,Q54831
Amulets,Q131557
Amun,Q58373
Amusement Parks,Q194195
Anchors,Q168432
Andromache,Q19376
Andromeda,Q161582
Angels,Q235113
Anger,Q79871
Animals,Q729
Ankh,Q180439
Anklet,Q1478508
Annunciation,Q154326
Antelope,Q25894
Anubis,Q47534
Aphrodite,Q35500
Apocalypse,Q3199667
Apollo,Q37340
Apostles,Q43412
Apples,Q89
Aqueducts,Q474
Arabic,Q13955
Aramaic,Q28602
Archangel Gabriel,Q81989
Archery,Q108429
Arches,Q12277
Architects,Q42973
Architecture,Q12271
Ares,Q40901
Argonauts,Q165510
Ariadne,Q184874
Aristotle,Q868
Armed Forces,Q772547
Armor,Q20793164
Arms,Q43471
Army,Q37726
Arrowheads,Q1643900
Arrows,Q45922
Artemis,Q39503
Artists,Q483501
Assumption of the Virgin,Q162691
Astrology,Q34362
Astronomers,Q11063
Astronomy,Q333
Athena,Q37122
Athletes,Q2066131
Atum,Q170569
Autumn,Q1314
Avalokiteshvara,Q193849
Axes,Q39397
Baboons,Q159429
Bacchantes,Q209599
Bacchus,Q645312
Badges,Q799000
Bagpipes,Q8347
Bakers,Q160131
Balconies,Q170552
Ballet,Q41425
Balloons,Q9706
Bamboo,Q670887
Banjos,Q258896
Banners,Q806880
Banquets,Q626066
Baptism of Christ,Q217048
Baptismal Fonts,Q208820
Barns,Q1303167
Barrels,Q10289
Baseball,Q5369
Basins,Q2383211
Baskets,Q201097
Bathing,Q327651
Bathrooms,Q190771
Bathsheba,Q272277
Bats,Q28425
Battles,Q178561
Beaches,Q40080
Beads,Q1053956
Beakers,Q17370233
Bearing the Cross,Q3399226
Bears,Q30090244
Bedrooms,Q193837
Beds,Q42177
Bees,Q7391
Bellows,Q208103
Bells,Q101401
Belts,Q134560
Benches,Q204776
Benjamin Franklin,Q34969
Bes,Q188931
Bible,Q1845
Bicycles,Q11442
Billiards,Q3341285
Birds,Q5113
Birth,Q34581
Bishops,Q29182
Blacksmiths,Q1639825
Boars,Q58697
Boats,Q35872
Bobbins,Q1520790
Bodhisattvas,Q178149
Books,Q571
Boots,Q190868
Botany,Q441
Bottles,Q80228
Bow and Arrow,Q19827042
Bowls,Q153988
Boxes,Q188075
Boxing,Q32112
Boys,Q3010
Bracelets,Q201664
Brahma,Q11389
Bread,Q7802
Bridges,Q12280
Brooches,Q499916
Bubbles,Q75794
Buckets,Q47107
Buckles,Q1135567
Buddha,Q7055
Buddhism,Q748
Buffalos,Q82728
Buildings,Q41176
Bulls,Q693690
Burial Grounds,Q39614
Burials,Q331055
Buses,Q5638
Butchers,Q329737
Butterflies,Q11946202
Cabinets,Q2741056
Cafe,Q30022
Cain,Q205365
Cakes,Q13276
Calendars,Q12132
Calligraphy,Q12681
Calypso,Q48961
Camels,Q7375
Cameos,Q28512
Cameras,Q15328
Camps,Q455550
Canals,Q12284
Candelabra,Q548275
Candles,Q12888135
Candlesticks,Q151771
Cannons,Q81103
Capitals,Q193893
Caricature,Q482919
Carriages,Q235356
Carrots,Q81
Cars,Q1420
Cartouches,Q368205
Carts,Q234668
Caryatids,Q208120
Castanets,Q183932
Castles,Q23413
Cathedrals,Q2977
Cats,Q146
Cattle,Q8676
Cauldrons,Q1317634
Caves,Q35509
Ceilings,Q221706
Cellos,Q8371
Cemeteries,Q39614
Censers,Q1264081
Centaurs,Q83203
Ceremonial Objects,Q56627913
Ceremony,Q2627975
Ceres,Q32102
Chairs,Q15026
Chaises,Q1059232
Chalices,Q210723
Chandelier,Q191709
Chapels,Q108325
Chariots,Q203788
Charles II,Q122553
Charles IX,Q134309
Cheese,Q10943
Cheetahs,Q23907
Chemistry,Q2329
Cherries,Q196
Chess,Q718
Chests,Q366134
Chickens,Q780
Children,Q7569
Chinoiserie,Q863679
Christ,Q642420
Christmas,Q19809
Christopher Columbus,Q7322
Churches,Q16970
Cigarettes,Q1578
Cinema,Q11424
Circumcision,Q83345
Circus,Q47928
Cities,Q515
Civil Unrest,Q686984
Cleopatra,Q635
Clergy,Q177826
Clocks,Q376
Cloisters,Q1430154
Clothing,Q11460
Clouds,Q8074
Clowns,Q7358
Clytemnestra,Q131157
Coat of Arms,Q14659
Coffee,Q8486
Coffeepots,Q60310841
Coffins,Q184418
Coins,Q41207
Columns,Q4817
Commodes,Q622360
Conceptual,Q203209
Concerts,Q182832
Contemplation,Q1123855
Cooking Containers,Q56148436
Cooking Equipment,Q26037047
Coptic,Q36155
Corn,Q11575
Cornucopia,Q332682
Coronation of the Virgin,Q1093370
Corpses,Q48422
Correspondence,Q1784733
Corsets,Q180225
Costumes,Q9053464
Couches,Q131514
Couples,Q219160
Courtyards,Q309250
Cows,Q830
Crabs,Q16033394
Cradles,Q412770
Cranes,Q25365
Crayfish,Q1211742
Crocodiles,Q2535664
Cross,Q40843
Crowd,Q13430821
Crowns,Q170984
Croziers,Q506002
Crucifix,Q20460
Crucifixion,Q3235597
Crypts,Q192619
Cuneiform,Q401
Cupid,Q5011
Cups,Q81727
Curtains,Q49005
Cybele,Q188236
Cypresses,Q146911
Cyrillic,Q8209
Daggers,Q182780
Daily Life,Q1129653
Daisies,Q26158
Dance,Q11639
Dancers,Q5716684
Dancing,Q43393537
Daoism,Q9598
David,Q41370
Dawn,Q11326182
Death,Q4
Death of the Virgin,Q1245512
Deer,Q685795
Deities,Q178885
Delilah,Q937827
Demeter,Q40730
Demons,Q177413
Demonstrations,Q175331
Demotic,Q188519
Department Stores,Q216107
Descent from the Cross,Q13365963
Deserts,Q8514
Desks,Q1064858
Devil,Q6674
Diadems,Q746591
Diana,Q132543
Diaries,Q185598
Dice,Q45089
Dido,Q905162
Dining,Q661199
Dining Rooms,Q661199
Diogenes,Q59180
Dionysus,Q41680
Dishes,Q57216
Docks,Q124282
Doctors,Q39631
Documents,Q49848
Dogs,Q144
Dolls,Q168658
Dolphins,Q7369
Domes,Q12493
Don Quixote,Q480
Donkeys,Q3537778
Doors,Q36794
Doorways,Q21263223
Double Basses,Q80019
Doves,Q2984138
Dragonflies,Q80066
Dragons,Q7559
Drawing,Q2921001
Dressers,Q1762308
Dresses,Q200539
Drinking,Q876776
Drinking Glasses,Q56369598
Drinking Vessels,Q2453629
Drums,Q11404
Ducks,Q3736439
Durga,Q382973
Eagles,Q2092297
Earrings,Q168456
Ears,Q7362
Earthquakes,Q7944
Easels,Q939611
Easter,Q21196
Eating,Q213449
Economy,Q159810
Education,Q8434
Egg and Dart,Q2458802
Eggplants,Q12533094
Eggs,Q93189
Elections,Q40231
Elephants,Q7378
Elizabeth I,Q7207
Elms,Q131113
Emblems,Q112110
Emperor Augustus,Q1405
Emperors,Q39018
Entertainment,Q173799
Entombment,Q51637
Eos,Q178417
Eros,Q121973
Esther,Q732413
Europa,Q165170
Eurydice,Q208588
Evangelists,Q43412
Eve,Q830183
Evening,Q7725
Ewers,Q404785
Execution,Q3966286
Eyes,Q7364
Faces,Q37017
Factories,Q83405
Fairies,Q8028
Falcons,Q43489
Family,Q8436
Fans,Q193220
Farmers,Q131512
Farms,Q131596
Fashion,Q12684
Fathers,Q7565
Fauns,Q223194
Fear,Q44619
Feathers,Q81025
Feet,Q15807
Female Nudes,Q1763003
Fences,Q148571
Fencing,Q12100
Ferdinand IV,Q193157
Fire,Q3196
Firearms,Q12796
Firefighters,Q107711
Fireplaces,Q188669
Fires,Q3196
Fireworks,Q127933
Fish,Q152
Fishing,Q14373
Flagellation,Q2033105
Flags,Q14660
Flight Into Egypt,Q837143
Floods,Q8068
Flora,Q131449
Flowers,Q506
Flutes,Q11405
Fluting,Q15126831
Fog,Q37477
Food,Q2095
Football,Q41323
Footwear,Q161928
Forests,Q4421
Fortification,Q57821
Fountains,Q483453
Foxes,Q8331
French Revolution,Q6534
Frogs,Q3116510
Fruit,Q1364
Funerals,Q201676
Funerary Monuments,Q6023295
Funerary Objects,Q2083647
Furniture,Q14745
Gadrooning,Q826225
Galatea,Q241070
Gambling,Q11416
Games,Q11410
Gandhara,Q213651
Gandharan,Q213651
Ganesha,Q1579
Gardeners,Q758780
Gardens,Q1107656
Garlands,Q756600
Gas Station,Q205495
Gates,Q53060
Geese,Q16529344
Generals,Q83460
Genie,Q3465
Genre Scene,Q214127
Geometry,Q8087
George III,Q127318
George Washington,Q23
Gibbons,Q185939
Giraffes,Q862089
Girls,Q3031
Gladiators,Q482999
Globes,Q133792
Gloves,Q169031
Gluttony,Q181022
Goats,Q2934
Goblets,Q18451251
God the Father,Q186350
Goddess,Q205985
Gods,Q178885
Golf,Q5377
Goliath,Q192785
Gorgons,Q102059
Gourds,Q7370671
Government,Q7188
Graffiti,Q17514
Grapes,Q10978
Greek,Q9129
Greek Mythology,Q34726
Griffins,Q130223
Grotesques,Q218248
Guitars,Q6607
Hades,Q41410
Hair,Q28472
Hammers,Q25294
Hammocks,Q193823
Hands,Q33767
Happiness,Q8
Harbors,Q283202
Harpokrates,Q787492
Harps,Q47369
Harpsichords,Q81982
Harvesting,Q213753
Hathor,Q133343
Hats,Q80151
Hawks,Q846664
Haystacks,Q62577
Headdresses,Q28972621
Headrests,Q6105860
Heads,Q3409626
Hearts,Q826930
Heaven,Q4489450
Hebrew,Q9288
Hedgehogs,Q6120
Helen,Q164061
Helicopters,Q34486
Hell,Q564
Helmets,Q173603
Henry VIII,Q38370
Hens,Q2201314
Hephaistos,Q44384
Hera,Q38012
Herakles,Q122248
Herbs,Q207123
Hercules,Q122248
Hermaphrodites,Q303479
Hermes,Q41484
Herod,Q51672
Hieratic,Q208111
Hieroglyphs,Q193762
Hills,Q54050
Hilts,Q1593696
Hinduism,Q9089
Hippocamps,Q816795
Hippos,Q34505
Historical Figures,Q5774265
Holofernes,Q625748
Holy Family,Q618057
Homer,Q6691
Hookah,Q105397
Horns,Q1512054
Horse Riding,Q179226
Horses,Q726
Horus,Q84122
Hospitals,Q16917
Hot Air Balloons,Q1551574
Hotels,Q27686
Hourglass,Q179904
Houses,Q3947
Human Anatomy,Q3999
Human Figures,Q5937779
Hunting,Q36963
Hurricanes,Q58197759
Ibex,Q951220
Ice,Q23392
Illness,Q814207
Incense Burners,Q1264081
Indus Valley,Q26788821
Industry,Q8148
Infants,Q998
Innocence,Q359385
Inns,Q256020
Insects,Q1390
Insignia,Q552345
Interiors,Q2998430
Iphigenia,Q192673
Irons,Q483634
Isaac,Q671872
Isis,Q79876
Islands,Q23442
Jackals,Q125525
Jackets,Q849964
Jaguars,Q35694
Jainism,Q9232
Japanese,Q5287
Jars,Q1207302
Jason,Q176758
Jesus,Q302
Jewelry,Q161439
Joan of Arc,Q7226
Job,Q179962
Jockeys,Q846750
Joshua,Q7734
Judaism,Q9268
Judas,Q81018
Judith,Q28532552
Jugs,Q2413314
Julius Caesar,Q1048
Juno,Q125046
Jupiter,Q4649
Kettles,Q107444
Keyboards,Q901207
Keys,Q132041
Kings,Q12097
Kitchens,Q43164
Kites,Q42861
Knights,Q102083
Knitting,Q29048022
Knives,Q32489
Krishna,Q42891
Ladders,Q168639
Ladles,Q193358
Lakes,Q23397
Lambs,Q4575936
Lamentation,Q3155356
Lamps,Q1138737
Landscapes,Q191163
Lanterns,Q862454
Last Judgement,Q1821239
Last Supper,Q51633
Latin,Q397
Law,Q7748
Leaves,Q33971
Leda,Q182019
Legs,Q8265768
Leisure,Q180910
Lemons,Q1093742
Leopards,Q34706
Lettrist,Q768100
Libraries,Q7075
Light bulbs,Q1318740
Lighthouses,Q39715
Lighting,Q210064
Lightning,Q33741
Lilies,Q40458125
Lions,Q140
Literature,Q8242
Liturgical Objects,Q21818579
Living Rooms,Q475018
Lizards,Q15629245
Lobsters,Q61864890
Lockets,Q1402709
Looms,Q173056
Lotuses,Q3645698
Louis XIV,Q7742
Louis XVI,Q7732
Love,Q316
Lovers,Q219160
Lutes,Q180733
Lyres,Q201129
Machines,Q11019
Madonna,Q345
Madonna and Child,Q9309699
Maenads,Q209599
Magic,Q148442
Magicians,Q15855449
Mailbox,Q13553598
Maitreya,Q10575466
Male Nudes,Q55387950
Mandolins,Q302497
Manjushri,Q471696
Manuscripts,Q87167
Maps,Q4006
Marie Antoinette,Q47365
Marines,Q1898583
Mark Antony,Q51673
Markets,Q132510
Marquis de Lafayette,Q186652
Marriage of the Virgin,Q3291129
Mars,Q112
Martin Luther,Q9554
Mary Magdalene,Q63070
Mary Queen of Scots,Q131412
Masks,Q161524
Massacres,Q3199915
Mathematics,Q395
Medallions,Q115488
Medals,Q131647
Medea,Q174278
Medicine,Q55693872
Medusa,Q160730
Men,Q8441
Menorah,Q170476
Merchants,Q215536
Mercury,Q1150
Mermaids,Q182559
Mermen,Q4995044
Mice,Q39275
Microscopes,Q196538
Midas,Q20098682
Mihrabs,Q173907
Military,Q8473
Military Clothing,Q1196123
Military Equipment,Q18643213
Military Transport,Q4114558
Minerva,Q126916
Minotaurs,Q129866
Mirrors,Q35197
Miter,Q193888
Moats,Q88480
Money,Q1368
Monkeys,Q1367
Monks,Q733786
Monsters,Q276453
Monuments,Q4989906
Moon,Q405
Morning,Q7722
Moses,Q9077
Mosques,Q32815
Mothers,Q7560
Motorcycles,Q34493
Mountains,Q8502
Mouths,Q9635
Mummies,Q43616
Murals,Q219423
Muses,Q66016
Museums,Q33506
Mushrooms,Q83093
Music,Q638
Musical Instruments,Q34379
Musicians,Q639669
Mythical Creatures,Q2239243
Mythology,Q9134
Napoleon I,Q517
Napoleon III,Q7721
Narcissus,Q29465
Nativity,Q51628
Natural Disasters,Q8065
Nature,Q7860
Navy,Q4508
Necklaces,Q189299
Necktie,Q44416
Needlework,Q28966125
Nefertiti,Q40930
Neptune,Q3954
Nero,Q1413
Netsuke,Q543901
Newspapers,Q11032
Night,Q575
Nike,Q165023
Noah,Q81422
Nonrepresentational Art,Q60050422
Norse Mythology,Q128285
Nose Rings,Q7061739
Nuns,Q191808
Nurses,Q186360
Nursing,Q174876
Nymphs,Q373916
Oaks,Q3245263
Obelisks,Q170980
Oceans,Q9430
Octopus,Q56315369
Odysseus,Q47231
Oedipus,Q130890
Onions,Q3406628
Opera,Q1344
Orchids,Q142269
Organs,Q1444
Orientalist,Q765606
Ornament,Q335261
Orpheus,Q174353
Osiris,Q46491
Ovid,Q7198
Owls,Q8021345
Ox,Q473194
Oysters,Q107411
Pagodas,Q199451
Painting,Q11629
Palaces,Q16560
Palettes,Q425548
Palmettes,Q677655
Palms,Q29582371
Pan,Q132582
Panthers,Q35255
Parables,Q208555
Parasols,Q1762975
Paris,Q167646
Parks,Q22698
Parrots,Q15548309
Party,Q200538
Parvati,Q170485
Pastoral,Q390001
Pavilions,Q276173
Peace,Q454
Peaches,Q13202263
Peacocks,Q201251
Pears,Q13099586
Pegasus,Q162797
Peleus,Q178641
Pelicans,Q19413
Pendants,Q2111434
Pens,Q165447
Pentecost,Q65560542
Peonies,Q147105
Performance,Q35140
Persephone,Q45967
Perseus,Q130832
Persian,Q9168
Phaeton,Q203480
Pheasants,Q214169
Philip IV,Q691402
Philosophers,Q4964182
Phoenician,Q36734
Phoenix,Q48444
Phones,Q11035
Photography,Q11633
Pianos,Q5994
Picnics,Q506294
Piers,Q863454
Pigeons,Q2984138
Pigs,Q58697
Pilasters,Q175112
Pilate,Q17131
Pineapples,Q10817602
Pinecones,Q22710
Pins,Q324926
Pipes,Q104526
Pitchers,Q132397
Planes,Q197
Planets,Q634
Plants,Q756
Playing,Q1150958
Playing Cards,Q47883
Plows,Q11464
Pluto,Q152262
Pocket Watches,Q849813
Poetry,Q482
Poets,Q49757
Police,Q35535
Politics,Q7163
Pomegranates,Q13222088
Pomona,Q171239
Ponds,Q3253281
Popes,Q19546
Poppies,Q967457
Portraits,Q134307
Poseidon,Q41127
Post Offices,Q35054
Potatoes,Q16587531
Poverty,Q10294
Praying,Q40953
Priests,Q42603
Princes,Q2747456
Princesses,Q863048
Printing Press,Q144334
Prisoners,Q1862087
Prisons,Q40357
Processions,Q898830
Profiles,Q4382010
Prometheus,Q83160
Prostitutes,Q14915751
Psyche,Q843382
Punishment,Q186361
Puppets,Q1913135
Purses,Q467505
Putti,Q284865
Pygmalion,Q192343
Pyramids,Q12516
Queen Victoria,Q9439
Queen of Sheba,Q154326
Queens,Q16511993
Qur'an,Q428
Rabbits,Q9394
Railways,Q22667
Rain,Q7925
Rainbows,Q1052
Rams,Q2929800
Rats,Q36396
Rattles,Q7295963
Reading,Q199657
Rebecca,Q40520
Recreational Activities,Q184872
Reliquaries,Q722604
Reservoirs,Q131681
Restaurants,Q11707
Resurrection,Q51624
Rhinocerus,Q34718
Rings,Q46847
Ritual Objects,Q2820111
Rivers,Q4022
Roads,Q34442
Robes,Q345127
Roofs,Q83180
Roosters,Q2216236
Rosaries,Q132539
Roses,Q102231
Ruins,Q109607
Running,Q105674
Sadness,Q169251
Sailing,Q192520
Sailors,Q45199
Saint Andrew,Q43399
Saint Anne,Q164294
Saint Anthony,Q170547
Saint Barbara,Q25212897
Saint Bartholomew,Q43982
Saint Christopher,Q193507
Saint Francis,Q676555
Saint George,Q48438
Saint Helena,Q170164
Saint Jerome,Q44248
Saint John the Baptist,Q40662
Saint John the Evangelist,Q328804
Saint Joseph,Q128267
Saint Lawrence,Q17590
Saint Leonard,Q558148
Saint Lucy,Q183240
Saint Luke,Q128538
Saint Mark,Q31966
Saint Matthew,Q43600
Saint Michael,Q45581
Saint Nicholas,Q44269
Saint Paul,Q9200
Saint Peter,Q33923
Saint Sebastian,Q183332
Saint Ursula,Q369691
Saint Zenobius,Q189700
Saints,Q43115
Salamanders,Q53663
Salome,Q228896
Samson,Q214648
Samurai,Q38142
Sanskrit,Q11059
Santa Claus,Q315796
Sarcophagus,Q48634
Satire,Q128758
Saturn,Q134388
Satyrs,Q163709
Saucers,Q1422576
Scales,Q134566
Scarabs,Q2442735
Scarves,Q191022
Schools,Q3914
Science,Q336
Scientists,Q901
Scissors,Q40847
Scorpions,Q19125
Screens,Q1144689
Scrolls,Q720106
Sculpture,Q860861
Scylla,Q193115
Seahorses,Q11709836
Seals,Q162919
Seas,Q165
Seascapes,Q158607
Seasons,Q24384
Sekhmet,Q146104
Self-portraits,Q192110
Serapis,Q214554
Serpents,Q2102
Servants,Q54128
Sewing,Q652122
Shacks,Q6502413
Shakespeare,Q692
Shakyamuni,Q9441
Sheep,Q7368
Shells,Q213096
Shepherds,Q81710
Shields,Q131559
Shint≈ç,Q812767
Ships,Q11446
Shipwrecks,Q852190
Shirts,Q76768
Shiva,Q11378
Shoes,Q22676
Shops,Q213441
Shuttlecock,Q144
Sibyl,Q273320
Signs,Q3695082
Silenus,Q464091
Singers,Q177220
Singing,Q27939
Sirens,Q150986
Skating,Q779272
Skeletons,Q7881
Skiing,Q130949
Skulls,Q13147
Sky,Q527
Slavery,Q8463
Slaves,Q12773225
Sleeping,Q35831
Sleighs,Q181388
Smoking,Q662860
Snails,Q308841
Snakes,Q2102
Snow,Q7561
Socrates,Q913
Soldiers,Q4991371
Solomon,Q37085
Spanish Civil War,Q10859
Spears,Q44475
Spectators,Q63443976
Sphinx,Q151480
Spiders,Q1357
Spindles,Q213761
Spinning Wheel,Q58966
Spoons,Q81895
Sports,Q349
Spring,Q1312
Squid,Q81900
Squirrels,Q1302028
Stables,Q214252
Stadiums,Q483110
Stage Design,Q55619117
Stairs,Q12511
Stars,Q25962599
Still Life,Q170571
Stools,Q33163
Storms,Q81054
Strawberries,Q745
Streams,Q47521
Street Scene,Q7766995
Streetcars,Q3407658
Streets,Q79007
Students,Q48282
Stupas,Q180987
Subways,Q5503
Suffering,Q5780945
Suits,Q614806
Summer,Q1313
Sun,Q525
Sundials,Q80793
Sunflowers,Q171497
Swans,Q34384
Swimming,Q31920
Sword Guards,Q3749240
Swords,Q12791
Synagogues,Q34627
Tabernacles,Q1670363
Tables,Q14748
Tablets,Q2123827
Tankards,Q3446398
Taverns,Q154250
Taweret,Q207435
Taxis,Q82650
Tea,Q6097
Tea Caddy,Q2923121
Tea Ceremony,Q1359655
Tea Houses,Q1072166
Teachers,Q37226
Teapots,Q245005
Telescopes,Q4213
Television,Q289
Temples,Q44539
Tennis,Q847
Tents,Q170544
Textiles,Q28823
Thanksgiving,Q13959
Theatre,Q11635
Theseus,Q1320718
Thetis,Q184437
Thomas Jefferson,Q11812
Thrones,Q189233
Tigers,Q19939
Tomatoes,Q20638126
Tombs,Q381885
Tombstones,Q203443
Tools,Q39546
Towers,Q12518
Towns,Q3957
Toys,Q11422
Tractors,Q39495
Trailers,Q216146
Train Stations,Q55488
Trains,Q870
Transatlantic Cable,Q2395922
Transportation,Q7590
Trays,Q613972
Trees,Q10884
Tricorns,Q763457
Triton,Q148030
Trojan War,Q42937
Trombones,Q8350
Trompe-l'Oeil,Q468930
Trophies,Q927580
Trucks,Q43193
Trumpets,Q8338
Tulips,Q30345409
Tunnels,Q44377
Tureens,Q1893641
Turkeys,Q848706
Turtles,Q32945370
Tutankhamun,Q12154
Typewriters,Q46335
Umbrellas,Q41607
Unicorns,Q7246
Uniforms,Q7434
Urns,Q11083119
Vajrapani,Q1366849
Vases,Q191851
Vegetables,Q11004
Venus,Q47652
Vertumnus,Q374311
Vessels,Q987767
Vestments,Q29000394
Victory,Q308902
Villages,Q532
Vines,Q917284
Violas,Q80284
Violets,Q146095
Violins,Q8355
Virgin Mary,Q345
Vishnu,Q11380
Visitation,Q691810
Volcanoes,Q8072
Vulcan,Q4640
Wagons,Q859281
Walking,Q6537379
Warehouses,Q181623
Warriors,Q1250916
Wars,Q198
Washing,Q23841
Watches,Q6537379
Water Lilies,Q3347071
Waterfalls,Q34038
Watermills,Q185187
Waves,Q165848
Weapons,Q728
Weddings,Q49836
Wells,Q43483
Whales,Q1865281
Wigs,Q105507
Wind,Q8094
Windmills,Q38720
Windows,Q35473
Wine,Q282
Winter,Q1311
Witches,Q1616828
Wolves,Q18498
Women,Q467
Working,Q6958747
World War I,Q361
World War II,Q362
Wreaths,Q1201922
Wrestling,Q42486
Writing,Q37260
Writing Implements,Q121916
Zebras,Q32789
Zeus,Q34201
Zodiac,Q40540
